Psychology: Cognition, Emotion and Social Theories as Basis for MCI and Design in general;Inhalte, Quelle: Reak Team, Themenfeld: MCI, Bachelor, Master
Stärker den Fokus auf die Teamarbeit in den Projekten legen bzw. auch dort praxisnähe hineinbringen bpsw. durch Scrum Strukturen, Sprints, PO etc. und das konsequent in den Projekten durchziehen;TRY, Orga, Inhalte, Quelle: Alumni Master, Themenfeld: Community, Bachelor, Master
Wir wünschen uns ein Modul zume Thema: IT-Projekt als Sozialgefüge (soziologisch, psychologische Aspekte, Kritikfähigkeit;4, Inhalte, Quelle: Unternehmen, Themenfeld: Community, Bachelor, Master
Ggf. Social Computing und MCI in einem Schwerpunkt vereinen;Reak, Inhalte, Quelle: Dekanat, Themenfeld: MCI, Master
negativ Medieninhalte zu knapp;Inhalte, Quelle: StudyCheck Bachelor, Themenfeld: Medien, Bachelor, Master
"Medienkompetenz ausreichend adressiert? (Algorithmen und Privacy in ""Social Media"", Agenda Cutting/Setting, etc.?)";Reak, Inhalte, Quelle: Lehrende/ MA, Themenfeld: Medien, Bachelor, Master
(fehlende?) Profilierung ggü. anderen Studiengängen in Richtung Medien?;Reak, Inhalte, Quelle: Lehrende/ MA, Themenfeld: Medien, Bachelor, Master
Media-Art;Inhalte, Quelle: Reak Team, Themenfeld: Medien, Bachelor, Master
mehr Advanced Media;Inhalte, Quelle: Reak Team, Themenfeld: Medien, Bachelor, Master
Stärker den Fokus auf die Teamarbeit in den Projekten legen bzw. auch dort praxisnähe hineinbringen bpsw. durch Scrum Strukturen, Sprints, PO etc. und das konsequent in den Projekten durchziehen;TRY, Orga, Inhalte, Quelle: Alumni Master, Themenfeld: Projekt/ Projektbasiert, Bachelor, Master
(Serious) Games als Medium / Abgrenzung Gamelab?;Inhalte, Quelle: Reak Team, Themenfeld: Medien, Bachelor, Master
"Thema ""Wissenschaftliches Arbeiten"" sollte bereits früher behandelt werden";Reak, Inhalte, Quelle: Aktive Studies Bachelor, Themenfeld: Kompetenzen, Bachelor
empirische Forschungsmethoden;Inhalte, Quelle: Forschungseinrichtungen, Themenfeld: Kompetenzen, Bachelor, Master
Bei Berufsanfängern freuen wir uns besonders über: Komponentenbasiertes Design;3, Inhalte, Quelle: Unternehmen, Themenfeld: Kompetenzen, Bachelor, Master
Bei Berufsanfängern freuen wir uns besonders über: Gefühl für Dokumentation (innerhalb und außerhalb des Codes);2, Inhalte, Quelle: Unternehmen, Themenfeld: Kompetenzen, Bachelor, Master
Bei Berufsanfängern freuen wir uns besonders über: Verstehen wofür;2, Inhalte, Quelle: Unternehmen, Themenfeld: Kompetenzen, Bachelor, Master
Bei Berufsanfängern freuen wir uns besonders über: Selbstverständnis für Sicherheit und Datenschutz;2, Inhalte, Quelle: Unternehmen, Themenfeld: Kompetenzen, Bachelor, Master
Bei Berufsanfängern freuen wir uns besonders über: Mitdenken/Mitmachen;4, 3, Inhalte, Quelle: Unternehmen, Themenfeld: Kompetenzen, Bachelor, Master
Bei Berufsanfängern freuen wir uns besonders über: konzeptionelles Denken;3, Inhalte, Quelle: Unternehmen, Themenfeld: Kompetenzen, Bachelor, Master
Bei Berufsanfängern freuen wir uns besonders über: Komplexität greifen können;1, Inhalte, Quelle: Unternehmen, Themenfeld: Kompetenzen, Bachelor, Master
Bei Berufsanfängern freuen wir uns besonders über: Gefühl für Qualität;2, Inhalte, Quelle: Unternehmen, Themenfeld: Kompetenzen, Bachelor, Master
Bei Berufsanfängern freuen wir uns besonders über: analytische, konzeptionelle Fähigkeiten;1, Inhalte, Quelle: Unternehmen, Themenfeld: Kompetenzen, Bachelor, Master
"Wie können wir C&R Module nutzen (als ""Community Service"" nach innen, um bspw. auch den Campus zu beleben und eine Community um die Profession drum herum zu bilden)?";Reak, Inhalte, Quelle: Reak Team, Themenfeld: Community, Bachelor, Master
Design;BackLog, Inhalte, Quelle: Stellenausschreibungen, Themenfeld: Inhalte, Master
"Modellierung, Modellbildung; Prozesmodelle erstellen";Inhalte, Quelle: Forschungseinrichtungen, Themenfeld: Kompetenzen, Bachelor, Master
"Kompetenz ""Schreiben"" wäre hilfreich";Inhalte, Quelle: Forschungseinrichtungen, Themenfeld: Kompetenzen, Bachelor, Master
negativ bei vielen Projekten wird man im Stich gelassen;Reak, Inhalte, Quelle: StudyCheck Bachelor, Themenfeld: Community, Bachelor
"Thema ""Wissenschaftliches Arbeiten"" sollte bereits früher behandelt werden";Reak, Inhalte, Quelle: Aktive Studies Bachelor, Themenfeld: Kritik an Erreichbarkeit von Kompetenzen, Bachelor
Berufsanfängern fehlt oft: Requirements Engineering;1, Inhalte, Quelle: Unternehmen, Themenfeld: Kritik an Erreichbarkeit von Kompetenzen, Bachelor
"""Nutzerzentrierte Entwicklung"" von Anfang bis Ende";Inhalte, Quelle: Forschungseinrichtungen, Themenfeld: Kompetenzen, Bachelor, Master
Praktika zu theoretisch (Praxisorientierung - in Bezug auf gesamtes Studium);Inhalte, Quelle: Aktive Studies Bachelor, Themenfeld: Kritik an Erreichbarkeit von Kompetenzen, Bachelor
negativ Essentielle Themen werden in Mathe vorausgesetzt;Inhalte, Quelle: StudyCheck Bachelor, Themenfeld: Kritik an Erreichbarkeit von Kompetenzen, Bachelor
"reine Mathematik braucht man natürlich nicht mehr (auch bei ML macht man das Netz ja nicht selbst; aber logische Denkprozesse; wer in Mathe gut ist kann gut programmieren ""ich wage mal die Aussage"")";Inhalte, Quelle: Forschungseinrichtungen, Themenfeld: Gewichtung von Inhalten
eher geringer BWL-Anteil;Inhalte, Quelle: Forschungseinrichtungen, Themenfeld: Gewichtung von Inhalten
Tools;BackLog, Inhalte, Quelle: Stellenausschreibungen, Themenfeld: Inhalte, Master
Entwicklung;BackLog, Inhalte, Quelle: Stellenausschreibungen, Themenfeld: Inhalte, Master
Englischkenntnisse;BackLog, Inhalte, Quelle: Stellenausschreibungen, Themenfeld: Inhalte, Master
Informatik;BackLog, Inhalte, Quelle: Stellenausschreibungen, Themenfeld: Inhalte, Master
Agil;BackLog, Inhalte, Quelle: Stellenausschreibungen, Themenfeld: Inhalte, Master
sich auch mit Sachen beschäftigen, die nicht klein und rechteckig mit Display sind;Inhalte, Quelle: Visions Workshop, Themenfeld: Gewichtung von Inhalten
negativ erste Semester sind zäh und Theorie lastig;Reak, Orga, Inhalte, Quelle: StudyCheck Bachelor, Themenfeld: Curriculare Kritik Bachelor, Bachelor
5 CP BWL Inhalt ist zu wenig;Inhalte, Quelle: Lehrende/ MA, Themenfeld: Curriculare Kritik Bachelor, Bachelor
mehr Microqualifikationen - Querschnitts-qualifikationen;Reak, Inhalte, Quelle: Lehrende/ MA, Themenfeld: Curriculare Kritik Bachelor, Bachelor, Master
notwendige Mathematikkenntnisse werden nicht vermittelt  #GI;Reak, Inhalte, Quelle: Lehrende/ MA, Themenfeld: Curriculare Kritik Bachelor, Bachelor
"Medienkompetenz ausreichend adressiert? (Algorithmen und Privacy in ""Social Media"", Agenda Cutting/Setting, etc.?)";Inhalte, Quelle: Lehrende/ MA, Themenfeld: Curriculare Kritik Bachelor, Bachelor, Master
neutral viele werden von dem Bereich „Medien” angelockt. Studiengang beinhaltet jedoch 70% wenn nicht sogar 80% Informatik.;Reak, Inhalte, Quelle: StudyCheck Bachelor, Themenfeld: Curriculare Kritik Bachelor, Bachelor
Try: HCI als Vertiefungsschwerpunkt? (Bachelor);Reak, Inhalte, Quelle: Alumni Bachelor, Themenfeld: MCI, Bachelor
"HCI keine ""explizite""Vertiefung";Reak, Inhalte, Quelle: Lehrende/ MA, Themenfeld: Curriculare Kritik Bachelor, Bachelor
"Drop: Der Mehrwert des Moduls ""Informatik und Gesellschaft"" ist mir nicht bewusst geworden.";Reak, Inhalte, Quelle: Alumni Bachelor, Themenfeld: Curriculare Kritik Bachelor, Bachelor
Thema Storytelling sollte erhalten bleiben;Inhalte, Quelle: Dekanat, Themenfeld: Inhalte
"Drop: Mir hat hier ""Medien-""Recht gefehlt. (=> Relevanz von DSGVO, Barrierefreiheit etc. in den Fordergrund stellen)";Reak, Inhalte, Quelle: Alumni Bachelor, Themenfeld: Curriculare Kritik Bachelor, Bachelor
Drop: Recht war eines der Schwächsten Module. Die Vermittelten Inhalte schienen teilweise Veraltet und aktuelle, relevante Inhalte wurden ausgelassen.;Reak, Inhalte, Quelle: Alumni Bachelor, Themenfeld: Curriculare Kritik Bachelor, Bachelor
Vielfalt (insb. Veranstaltungen und Bereiche);Reak, Inhalte, Quelle: Visions Workshop, Themenfeld: Curriculare Wünsche Bachelor, Bachelor, Master
Drop: Fand AVM irgendwie nicht so passend für die Allgemeinheit, vielleicht lieber in einer Vertiefung;Reak, Inhalte, Quelle: Alumni Bachelor, Themenfeld: Curriculare Kritik Bachelor, Bachelor
Test Engineering;1, Inhalte, Quelle: Unternehmen, Themenfeld: Curriculare Wünsche Bachelor, Bachelor, Master
Wir wünschen uns ein Modul zume Thema: freie Software, Open Source;3, Inhalte, Quelle: Unternehmen, Themenfeld: Curriculare Wünsche Bachelor, Bachelor, Master
Wir wünschen uns ein Modul zume Thema: Spaß an der Arbeit;3, Inhalte, Quelle: Unternehmen, Themenfeld: Curriculare Wünsche Bachelor, Bachelor, Master
Try: Bei Gruppenarbeiten, den Studierenden näher bringen inwiefern welche Aufgabe als Gruppe gelöst werden kann. Methoden zur Teamarbeit zeigen? (So etwas nicht als Vorlesung besprechen sondern immer mal wieder von den Profs ansprechen wie man was wie lösen kann mit Beispielen);Orga, Inhalte, Quelle: Alumni Bachelor, Themenfeld: Curriculare Wünsche Bachelor, Bachelor
Wir wünschen uns ein Modul zume Thema: Gute Software bauen können;3, Inhalte, Quelle: Unternehmen, Themenfeld: Curriculare Wünsche Bachelor, Bachelor, Master
Wir wünschen uns ein Modul zume Thema: Python, C++, UI-spezifische Sprachen;2, Inhalte, Quelle: Unternehmen, Themenfeld: Curriculare Wünsche Bachelor, Bachelor, Master
Keep Anfängerfreundlicher Einstieg in den Bereich Informatik, der auch ohne Vorkenntnisse in dem Bereich absolviert werden konnte;Inhalte, Quelle: Alumni Bachelor, Themenfeld: Curriculare Wünsche Bachelor, Bachelor
PP-Seminar #Stärke;Inhalte, Quelle: Lehrende/ MA, Themenfeld: Curriculare Wünsche Bachelor
Wir wünschen uns ein Modul zume Thema: Testing;1, 2, Inhalte, Quelle: Unternehmen, Themenfeld: Curriculare Wünsche Bachelor, Bachelor, Master
Wir wünschen uns ein Modul zume Thema: Security;1, 2, Inhalte, Quelle: Unternehmen, Themenfeld: Curriculare Wünsche Bachelor, Bachelor, Master
Keep Das Bearbeiten Praxisnaher Problemstellungen in Screendesign;Inhalte, Quelle: Alumni Bachelor, Themenfeld: Curriculare Wünsche Bachelor, Bachelor
Keep HCI so früh im Studienverlaufsplan;Reak, Inhalte, Quelle: Alumni Bachelor, Themenfeld: Curriculare Wünsche Bachelor, Bachelor
Try: Mehr Design Thinking (im gegensatz zu Analytic thinking) Module anbieten. Aktuell nur Screendesign;Reak, Inhalte, Quelle: Alumni Bachelor, Themenfeld: Curriculare Wünsche Bachelor, Bachelor
Try: Das 'Security' Modul im WebDev Schwerpunkt war wenig nützlich. da es nicht praxisnah war und thematisch erstmal alleine Stand. Vielleicht wäre es möglich das Thema Cybersicherheit in verschiedenen Modulen zu thematisieren und auch praxisnahes Wissen zu vermitteln.;Inhalte, Quelle: Alumni Bachelor, Themenfeld: Curriculare Wünsche Bachelor, Bachelor
Try: Im DB Modul einen kleine Ausflug in NoSql dbs einbauen;Inhalte, Quelle: Alumni Bachelor, Themenfeld: Curriculare Wünsche Bachelor, Bachelor
Keep Das MCI Praktikum, bei dem die gelehrten Artefakte praxisnah einsetzt, werden, hat bei dem Verständnis für die Entwicklung von Menschzentrierten System sehr geholfen.;Inhalte, Quelle: Alumni Bachelor, Themenfeld: Curriculare Wünsche Bachelor, Bachelor
Try: Der Aspekt der Zugänglichkeit (Accessibility) von Systemen sollte zumindest als Teil eines Moduls thematisiert werden. Da das Thema auf Grund der gesetzlicher Änderungen durch den European Accessibility Act in den kommenden Jahren an Relevanz gewinnen wird.;Inhalte, Quelle: Alumni Bachelor, Themenfeld: Curriculare Wünsche Bachelor, Bachelor
Keep Das Praxisprojekt war eine sehr gute Vorbereitung. Definitiv so weitermachen.;Reak, Inhalte, Quelle: Alumni Bachelor, Themenfeld: Curriculare Wünsche Bachelor, Bachelor
Wir wünschen uns ein Modul zume Thema: Automatisierung;3, 2, Inhalte, Quelle: Unternehmen, Themenfeld: Curriculare Wünsche Bachelor, Bachelor
Keep MCI hatte einen hohen Workload, war aber auch ein Fach bei dem es  wirklich klick gemacht hat. Kann wenn es richtig läuft sehr inspirierend sein und hatte bei Herr Hartmann eine tolle Geschwindigkeit um gefordert zu werden aber trotzdem am Ball bleiben zu können.;Inhalte, Quelle: Alumni Bachelor, Themenfeld: Curriculare Wünsche Bachelor, Bachelor
Keep Das Programmieren ohne IDE in API1 war zwar nervenaufreibend aber auch sehr lehrreich. Grundsätzlich viel mir der Einstieg in die Entwicklung dank des Stufenweisen Aufbaus im Studium leicht obwohl ich zu Beginn des Studiums noch nie eine Zeile Code gesehen hatte.;Inhalte, Quelle: Alumni Bachelor, Themenfeld: Curriculare Wünsche Bachelor, Bachelor
neutral aktuelle Themen wie IT Sicherheit werden noch nicht behandelt;Inhalte, Quelle: StudyCheck Bachelor, Themenfeld: Curriculare Wünsche Bachelor, Bachelor
Try: Ein (Teil-)Modul zum Umgang mit Linux/Unix via shell und mit VIM (aktuell nur so nebenbei in AP1, aber denke, dass man dort enorme Vorteile für den späteren Verlauf draus ziehen könnte. z.B. wären in WebDev dann alle Leute fit im Umgang/Einrichtung diverser Themen);Orga, Inhalte, Quelle: Alumni Bachelor, Themenfeld: Curriculare Wünsche Bachelor, Bachelor
Keep SD, IoT, WebDev, EP, PP, FDDW, GDW;Reak, Inhalte, Quelle: Alumni Bachelor, Themenfeld: Curriculare Wünsche Bachelor, Bachelor
Try: Neben SD noch ein weiteres Design Modul anbieten (vielleicht WPF);Inhalte, Quelle: Alumni Bachelor, Themenfeld: Curriculare Wünsche Bachelor, Bachelor
Grundlagen der Interaktion & Kommunikation;Inhalte, Quelle: Reak Team, Themenfeld: Curriculare Wünsche Master, Master
Prototyping (keine Ahnung was es schon gibt): Hardware, Papier...;Inhalte, Quelle: Reak Team, Themenfeld: Curriculare Wünsche Master, Master
IoT/UbiComp;Inhalte, Quelle: Reak Team, Themenfeld: Curriculare Wünsche Master, Master
Life-Centered Design?;Inhalte, Quelle: Reak Team, Themenfeld: Curriculare Wünsche Master, Master
Life-Centered Design?;Inhalte, Quelle: Reak Team, Themenfeld: Softskills, Bachelor, Master
Try:  Früher und intensiver auf wissenschaftliches Schreiben vorbereiten -> dies war erst für die BA Thema und wurde auch dort nur kurz behandelt Module in früheren Semestern sollten ebenfalls darauf vorbereiten;Reak, Orga, Inhalte, Quelle: Alumni Bachelor, Themenfeld: Curriculare Wünsche Bachelor, Bachelor
Wir wünschen uns ein Modul zum Thema: IT-Projekt als Sozialgefüge (soziologisch, psychologische Aspekte, Kritikfähigkeit;4, Inhalte, Quelle: Unternehmen, Themenfeld: Curriculare Wünsche Master, Master
Wir wünschen uns ein Modul zume Thema: Clean Code & Architecture;5, Inhalte, Quelle: Unternehmen, Themenfeld: Curriculare Wünsche Master, Master
Interdisziplinarität, offen für andere Disziplinen;Inhalte, Quelle: Forschungseinrichtungen, Themenfeld: Softskills, Bachelor, Master
"Absolvent*innen: Kommunikation: über Fehler auch reden können, statt sie nicht zuzugeben (bei Ingenieuren und Informatikern oft die Sicht ""Produkt machen und das muss gut sein""; der Prozess spielt aber auch eine wichtige Rolle)";Inhalte, Quelle: Forschungseinrichtungen, Themenfeld: Softskills, Bachelor, Master
Bei Berufsanfängern freuen wir uns besonders über: Interesse an und Erfahrung im Umgang mit neuen Technologien/Tools/Methoden;4, Inhalte, Quelle: Unternehmen, Themenfeld: Coding Skills, Bachelor, Master
Wir wünschen uns ein Modul zume Thema: Software Craftmanship;5, Inhalte, Quelle: Unternehmen, Themenfeld: Curriculare Wünsche Master, Master
Deutsch;Inhalte, Quelle: Stellenausschreibungen, Themenfeld: Softskills, Bachelor, Master
Bei Berufsanfängern freuen wir uns besonders über: Gefühl für Dokumentation (innerhalb und außerhalb des Codes);2, Inhalte, Quelle: Unternehmen, Themenfeld: Coding Skills, Bachelor, Master
Bei Berufsanfängern freuen wir uns besonders über: Verantwortungsbewusstsein (Entscheidungen treffen, mitreden, mitdenken);4, Inhalte, Quelle: Unternehmen, Themenfeld: Softskills, Bachelor, Master
Wir wünschen uns ein Modul zume Thema: Software Craftmanship;5, Inhalte, Quelle: Unternehmen, Themenfeld: Coding Skills, Bachelor, Master
Soft Skills;3, 2, Reak, Inhalte, Quelle: Unternehmen, Themenfeld: Softskills, Bachelor, Master
Bei Berufsanfängern freuen wir uns besonders über: Komponentenbasiertes Design;3, Inhalte, Quelle: Unternehmen, Themenfeld: Coding Skills, Bachelor, Master
Wir wünschen uns ein Modul zume Thema: Gute Software bauen können;3, Inhalte, Quelle: Unternehmen, Themenfeld: Coding Skills, Bachelor, Master
Mobile;Inhalte, Quelle: Reak Team, Themenfeld: Curriculare Wünsche Master, Master
Sustainability;Inhalte, Quelle: Reak Team, Themenfeld: Curriculare Wünsche Master, Master
Mehr AI: voice based interaction, generative design, Human-Centered AI, Ai supporting Design Process;Inhalte, Quelle: Reak Team, Themenfeld: Curriculare Wünsche Master, Master
Mehr System Thinking;Inhalte, Quelle: Reak Team, Themenfeld: Curriculare Wünsche Master, Master
T Shaped Profile: Consulting und Business (keine Ahnung, was es schon gibt);Inhalte, Quelle: Reak Team, Themenfeld: Curriculare Wünsche Master, Master
Bei Berufsanfängern freuen wir uns besonders über: Persönlicher Teamfit (Humor, respektvoller Umgang);4, Inhalte, Quelle: Unternehmen, Themenfeld: Softskills, Bachelor, Master
Berufsanfängern fehlt oft:Selbstreflexion;5, Inhalte, Quelle: Unternehmen, Themenfeld: Softskills, Bachelor, Master
Bei Berufsanfängern freuen wir uns besonders über: Commit Messages geschrieben + gelesen haben/dokumentieren können;2, Inhalte, Quelle: Unternehmen, Themenfeld: Coding Skills, Bachelor, Master
Bei Berufsanfängern freuen wir uns besonders über: Verstehen wollen. Nicht nur machen, sondern auch kommunizieren/nachfragen;2, Inhalte, Quelle: Unternehmen, Themenfeld: Softskills, Bachelor, Master
Wir wünschen uns ein Modul zume Thema: Clean Code & Architecture;5, Inhalte, Quelle: Unternehmen, Themenfeld: Coding Skills, Bachelor, Master
Berufsanfängern fehlt oft: Experiementierfreudigkeit;5, Reak, Inhalte, Quelle: Unternehmen, Themenfeld: Softskills, Bachelor, Master
Bei Berufsanfängern freuen wir uns besonders über: Pull Requests - Kommunikation darüber;2, Inhalte, Quelle: Unternehmen, Themenfeld: Coding Skills, Bachelor, Master
T Shaped Profile: Consulting und Business (keine Ahnung, was es schon gibt);Inhalte, Quelle: Reak Team, Themenfeld: Softskills, Bachelor, Master
(Serious) Games als Medium / Abgrenzung Gamelab?;Inhalte, Quelle: Reak Team, Themenfeld: Curriculare Wünsche Master, Master
Intelligent User Interfaces;Inhalte, Quelle: Reak Team, Themenfeld: Curriculare Wünsche Master, Master
Spezielle Gebiete der Mathematik als Pflichtmodul;KEEP, Reak, Inhalte, Quelle: Alumni Master, Themenfeld: Curriculare Kritik Master, Master
Accessibility? eigenes Fach?;Inhalte, Quelle: Reak Team, Themenfeld: Curriculare Wünsche Master, Master
Psychology: Cognition, Emotion and Social Theories as Basis for MCI and Design in general;Inhalte, Quelle: Reak Team, Themenfeld: Curriculare Wünsche Master, Master
mehr Advanced Media;Inhalte, Quelle: Reak Team, Themenfeld: Curriculare Wünsche Master, Master
Media-Art;Inhalte, Quelle: Reak Team, Themenfeld: Curriculare Wünsche Master, Master
Berufsanfängern fehlt oft: agiles Mindset;5, Inhalte, Quelle: Unternehmen, Themenfeld: Softskills, Bachelor, Master
Bei Berufsanfängern freuen wir uns besonders über: Kritisches Hinterfragen;2, Inhalte, Quelle: Unternehmen, Themenfeld: Softskills, Bachelor, Master
Bei Berufsanfängern freuen wir uns besonders über: Softwareentwicklungsinfrastruktur;2, Inhalte, Quelle: Unternehmen, Themenfeld: Coding Skills, Bachelor, Master
Transparenz & Anzahl beim WPF Angebot schaffen Schwerpunkte, Module, Seminare o.ä. auch aus anderen Studiengängen ermöglichen z.B. Informatik Master, oder Technische Informatik (Master) in Deutz;Orga, Quelle: Aktive Studies Master, Themenfeld: WPFs / Schwerpunkte / Vertiefung, Bachelor
negativ hoher Aufwand durch parallele Abgaben;Orga, Quelle: StudyCheck Bachelor, Themenfeld: Workload, Bachelor, Master
semesterbezogener Workload (Abgaben (MCI), Projekte, Praktika, Credit-Bezug);Orga, Quelle: Aktive Studies Bachelor, Themenfeld: Workload, Bachelor
Stärker den Fokus auf die Teamarbeit in den Projekten legen bzw. auch dort praxisnähe hineinbringen bpsw. durch Scrum Strukturen, Sprints, PO etc. und das konsequent in den Projekten durchziehen;TRY, Orga, Inhalte, Quelle: Alumni Master, Themenfeld: Community, Bachelor, Master
Genau, noch mehr praxisnähe neben P1-3 durch Kooperationen mit Unternehmen schaffen. Vielleicht auch direkte Verknüpfung der Projekte mit diesen?;TRY, Reak, Orga, Quelle: Alumni Master, Themenfeld: Praxis, Master
Projetkarbeit und begleitende Module zusammenzufassen hat zumindest auch bei der Notenbildung/Notenübersicht Ärger gemacht. (Problem ist natürlich, dass man die Module dann nicht so einfach Ändern/Anpassen kann);DROP, Reak, Orga, Quelle: Alumni Master, Themenfeld: Projekt/ Projektbasiert, Master
Wie können wir Entwicklungsprojekt neu aufsetzen;Reak, Orga, Quelle: Reak Team, Themenfeld: Projekt/ Projektbasiert, Bachelor
Drop: Das dritte Semester ist voll mit 5ECP + Praktika Modulen (=> hoher Workload in der Vorlesungszeit);Reak, Orga, Quelle: Alumni Bachelor, Themenfeld: Workload, Bachelor
Arbeitslast im Team sehr hoch durch Vertiefungen & Entwicklungsprojekt;Reak, Orga, Quelle: Lehrende/ MA, Themenfeld: Workload, Bachelor, Master
Arbeitslast im WiSe zu hoch gegenüber dem SoSe;Reak, Orga, Quelle: Lehrende/ MA, Themenfeld: Workload, Bachelor, Master
Vertiefungen und Schwerpunkte erzeugen enormen Workload für die Lehrenden;Reak, Orga, Quelle: Lehrende/ MA, Themenfeld: Workload, Bachelor, Master
Projekt 1-3 schwerpunktübergreifend gestalten, sodass die Projekte an Perspektiven wachsen und somit an Qualität gewinnen;Reak, Orga, Quelle: Lehrende/ MA, Themenfeld: Projekt/ Projektbasiert, Master
P1-P3 in größere Projekte/Forschungsprojekte einbinden;TRY, Orga, Quelle: Alumni Master, Themenfeld: Forschungsbezug, Master
Stärker den Fokus auf die Teamarbeit in den Projekten legen bzw. auch dort praxisnähe hineinbringen bpsw. durch Scrum Strukturen, Sprints, PO etc. und das konsequent in den Projekten durchziehen;TRY, Orga, Inhalte, Quelle: Alumni Master, Themenfeld: Projekt/ Projektbasiert, Bachelor, Master
Projekte öffnen, dass selbige auch mit gemischten Teams aus den Schwerpunkten(?) und dem DS Master(?) bearbeitet werden können.;Reak, Orga, Quelle: Reak Team, Themenfeld: Flexibilität, Master
Wie können wir mehr Sichtbarkeit für Abschlussarbeiten, Kolloqien, etc. schaffen?;Reak, Orga, Quelle: Reak Team, Themenfeld: Außendarstellung // Alleinstellung, Bachelor, Master
Teilmodule im Vertiefungsmodul als WFPs  öffnen;Orga, Quelle: Dekanat, Themenfeld: WPFs / Schwerpunkte / Vertiefung, Bachelor
Publikationen von Projektarbeit erhöht Sichtbarkeit der TH, und hilft auch StudentInnen beim Netzwerken für die Zeit NACH dem Master;Orga, Quelle: Aktive Studies Master, Themenfeld: Außendarstellung // Alleinstellung, Bachelor, Master
flexibles Curriculum nach Interessenschwerpunkt;Reak, Orga, BackLog, Quelle: Stakeholder Analyse, Themenfeld: Flexibilität, Bachelor, Master
Die Klarheit und Sichtbarkeit der Vertiefungen/ Schwerpunkte gut!;Reak, Orga, Quelle: Dekanat, Themenfeld: WPFs / Schwerpunkte / Vertiefung, Bachelor, Master
Deutlich zu großer Aufwand, der im MI Master an Lehr- und Betreuungsleistung anfällt.;Reak, Orga, Quelle: Dekanat, Themenfeld: Workload, Master
Projekte öffnen, dass selbige auch mit gemischten Teams aus den Schwerpunkten(?) und dem DS Master(?) bearbeitet werden können.;Orga, Quelle: Reak Team, Themenfeld: Community, Master
Berufstätigkeit der Studis unterstützen: remote Lehre / Lehre nur an 2 bis 3 Tagen vor Ort;Orga, Quelle: Reak Team, Themenfeld: Organisation, Master
Wie können wir mehr Sichtbarkeit für Abschlussarbeiten, Kolloqien, etc. schaffen?;Reak, Orga, Quelle: Reak Team, Themenfeld: Organisation
rechtzeitige und vorausschauende Koordinationsgespräche zwischen Modulverantwortlichen eines Fachsemesters (inkl. Lehrbeauftragten und WiMAs);Orga, Quelle: Lehrende/ MA, Themenfeld: Community, Bachelor, Master
negativ erste Semester sind zäh und Theorie lastig;Reak, Orga, Inhalte, Quelle: StudyCheck Bachelor, Themenfeld: Curriculare Kritik Bachelor, Bachelor
Schaffung und Nutzung von mehr Synergien;Reak, Orga, Quelle: Dekanat, Themenfeld: Inhalte, Bachelor, Master
Onboarding ins Master Studium verbessern (mehr für Personen von außerhalb);Orga, BackLog, Quelle: Aktive Studies Master, Themenfeld: Organisation, Master
Try: Bei Gruppenarbeiten, den Studierenden näher bringen inwiefern welche Aufgabe als Gruppe gelöst werden kann. Methoden zur Teamarbeit zeigen? (So etwas nicht als Vorlesung besprechen sondern immer mal wieder von den Profs ansprechen wie man was wie lösen kann mit Beispielen);Orga, Inhalte, Quelle: Alumni Bachelor, Themenfeld: Curriculare Wünsche Bachelor, Bachelor
Man muss sich in verschiedenen Quellen über etwaige Änderungen informieren.;Orga, Quelle: Aktive Studies Master, Themenfeld: Organisation, Bachelor, Master
Abschlussarbeiten gehen total unter ... gemeinsame Präsentationsforen fehlen;Orga, Quelle: Lehrende/ MA, Themenfeld: Organisation, Bachelor, Master
negativ hoher Aufwand durch parallele Abgaben;Orga, Quelle: StudyCheck Bachelor, Themenfeld: Organisation, Bachelor, Master
rechtzeitige und vorausschauende Koordinationsgespräche zwischen Modulverantwortlichen eines Fachsemesters (inkl. Lehrbeauftragten und WiMAs);Reak, Orga, Quelle: Lehrende/ MA, Themenfeld: Organisation, Bachelor, Master
zeitnahe, relevante und korrekte Kommunikation von (organisatorischen, prüfungsrelevanten) Informationen (Professorium) #EP #PM #AP1&2;Reak, Orga, Quelle: Aktive Studies Bachelor, Themenfeld: Organisation, Bachelor, Master
Try: Ähnlich wie es Hilfe bei Praktikumsaufgaben gibt könnte über eine Förderung oder besondere Herausforderungen für Studierende nachgedacht werden, denen die Aufgaben insb. in API1/API2 sehr leicht fallen. Hier wird das Potential teilweise nicht ausgefüllt und Studierende mit Vorkenntnissen 'warten  die Semester lediglich ab'.;Reak, Orga, BackLog, Quelle: Alumni Bachelor, Themenfeld: Kritik an Erreichbarkeit von Kompetenzen, Bachelor, Master
Try:  Früher und intensiver auf wissenschaftliches Schreiben vorbereiten -> dies war erst für die BA Thema und wurde auch dort nur kurz behandelt Module in früheren Semestern sollten ebenfalls darauf vorbereiten;Reak, Orga, Inhalte, Quelle: Alumni Bachelor, Themenfeld: Curriculare Wünsche Bachelor, Bachelor
Prüfungsleistung an CPs anpassen (In Mathe waren z. B. 3 aufwändige Prüfungsleistungen gefordert für 6 CP, während in anderen Modulen eine Hausarbeit für 6 CPs ausreichend waren);DROP, Orga, Quelle: Alumni Master, Themenfeld: Prüfungsleistung, Master
Wenig Aufklärung über Ausstattung (Beispiel 3D-Modelierung, VR-Ausstattung etc.);Orga, BackLog, Quelle: Aktive Studies Master, Themenfeld: Infrastruktur, Bachelor, Master
Design Sprint in P1 zu früh;Orga, Quelle: Aktive Studies Master, Themenfeld: Curriculare Kritik Master, Master
Try: Ein (Teil-)Modul zum Umgang mit Linux/Unix via shell und mit VIM (aktuell nur so nebenbei in AP1, aber denke, dass man dort enorme Vorteile für den späteren Verlauf draus ziehen könnte. z.B. wären in WebDev dann alle Leute fit im Umgang/Einrichtung diverser Themen);Orga, Inhalte, Quelle: Alumni Bachelor, Themenfeld: Curriculare Wünsche Bachelor, Bachelor
Informatik nah am Menschen;Reak, Orga, Quelle: Visions Workshop, Themenfeld: Wertschätzung Kompetenzen, Bachelor, Master
Wie Übergang Bachelor-Master hinsichtlich Fristen einfacher gestalten;Orga, Quelle: Reak Team, Themenfeld: Organisation, Master
Design Sprint zu früh und z.T. kontraproduktiv für manche Schwerpunkte #Scheuklappen;Orga, Quelle: Lehrende/ MA, Themenfeld: Curriculare Kritik Master, Master
wenig Vor-Ort gemeinsam Lehren-Lernen Kultur/ Räumlichkeiten;Orga, BackLog, Quelle: Lehrende/ MA, Themenfeld: Infrastruktur, Bachelor, Master
negativ Dozenten unwissend über Workload;Orga, Quelle: StudyCheck Master, Themenfeld: Lehrende, Bachelor, Master
Wie können wir mehr Sichtbarkeit für Abschlussarbeiten, Kolloqien, etc. schaffen?;Reak, Orga, Quelle: Reak Team, Themenfeld: Curriculare Wünsche Master
Design Sprint in Projekt 1 nur optional oder gar nicht;Orga, Quelle: Reak Team, Themenfeld: Curriculare Wünsche Master, Master
"Wie können wir ""Deutlich mehr Communityfeeling"" erzeugen?";BackLog, Quelle: Reak Team, Themenfeld: Community
Wie können wir Kooperation mit Industrie // Formate neu denken?;BackLog, Quelle: Reak Team, Themenfeld: Externe Kooperation
Kooperationen mit Firmen & Universitäten;BackLog, Quelle: Lehrende/ MA, Themenfeld: Externe Kooperation
Kooperation;BackLog, Quelle: Visions Workshop, Themenfeld: Externe Kooperation
Freundlichkeit;BackLog, Quelle: Visions Workshop, Themenfeld: Externe Kooperation
Kooperationen mit anderen Universitäten (zB in Forschungsprojekten);TRY, BackLog, Quelle: Aktive Studies Master, Themenfeld: Externe Kooperation
Kooperationen mit Arbeitgebern;TRY, BackLog, Quelle: Aktive Studies Master, Themenfeld: Externe Kooperation
??? Schnupperstudium ???;BackLog, Quelle: Stakeholder Analyse, Themenfeld: Außendarstellung // Alleinstellung
"Try: Kooperationen mit anderen Firmen um Systeme zu Entwickeln (als Prüfung vielleicht? Oder Wettkampf) Und falls es die schon gibt, besser bewerben ;)";BackLog, Quelle: Alumni Bachelor, Themenfeld: Externe Kooperation
Genau, noch mehr praxisnähe neben P1-3 durch Kooperationen mit Unternehmen schaffen. Vielleicht auch direkte Verknüpfung der Projekte mit diesen?;TRY, BackLog, Quelle: Aktive Studies Master, Themenfeld: Externe Kooperation
unerforschtes Terrain / Forschungsaspekte;Reak, BackLog, Quelle: Visions Workshop, Themenfeld: Forschungsbezug, Bachelor, Master
"sprengt den Rahmen (im positiven Sinn von auch mal ""links und rechts gucken""";Reak, BackLog, Quelle: Visions Workshop, Themenfeld: Forschungsbezug, Bachelor, Master
Kontakt zu und Kommunikation mit Unternehmen sowie Kooperationsmöglichkeiten und mögliche Berufsbilder;BackLog, Quelle: Aktive Studies Bachelor, Themenfeld: Externe Kooperation
flexibles Curriculum nach Interessenschwerpunkt;Reak, Orga, BackLog, Quelle: Stakeholder Analyse, Themenfeld: Flexibilität, Bachelor, Master
Kooperationen mit Firmen & Universitäten;BackLog, Quelle: Aktive Studies Master, Themenfeld: Externe Kooperation
Design;BackLog, Inhalte, Quelle: Stellenausschreibungen, Themenfeld: Inhalte, Master
Tools;BackLog, Inhalte, Quelle: Stellenausschreibungen, Themenfeld: Inhalte, Master
Try: Kooperation mit Partnern aus Anwendungsdomäne (die zB ein konkretes Problem beschreiben) um wirklich empirisch arbeiten zu können und aus der TH Komfortzone heraus zu gehen;BackLog, Quelle: Alumni Bachelor, Themenfeld: Externe Kooperation
"Wie können wir ""Mehr Spielraum"" realisieren?";BackLog, Quelle: Reak Team, Themenfeld: Community
Entwicklung;BackLog, Inhalte, Quelle: Stellenausschreibungen, Themenfeld: Inhalte, Master
Englischkenntnisse;BackLog, Inhalte, Quelle: Stellenausschreibungen, Themenfeld: Inhalte, Master
Informatik;BackLog, Inhalte, Quelle: Stellenausschreibungen, Themenfeld: Inhalte, Master
Agil;BackLog, Inhalte, Quelle: Stellenausschreibungen, Themenfeld: Inhalte, Master
positiv Mentoringprogramm;BackLog, Quelle: StudyCheck Bachelor, Themenfeld: Organisation
Onboarding ins Master Studium verbessern (mehr für Personen von außerhalb);Orga, BackLog, Quelle: Aktive Studies Master, Themenfeld: Organisation, Master
Wenig Aufklärung über Ausstattung (Beispiel 3D-Modelierung, VR-Ausstattung etc.);Orga, BackLog, Quelle: Aktive Studies Master, Themenfeld: Infrastruktur, Bachelor, Master
wenig Vor-Ort gemeinsam Lehren-Lernen Kultur/ Räumlichkeiten;Orga, BackLog, Quelle: Lehrende/ MA, Themenfeld: Infrastruktur, Bachelor, Master
Try: Ähnlich wie es Hilfe bei Praktikumsaufgaben gibt könnte über eine Förderung oder besondere Herausforderungen für Studierende nachgedacht werden, denen die Aufgaben insb. in API1/API2 sehr leicht fallen. Hier wird das Potential teilweise nicht ausgefüllt und Studierende mit Vorkenntnissen 'warten  die Semester lediglich ab'.;Reak, Orga, BackLog, Quelle: Alumni Bachelor, Themenfeld: Kritik an Erreichbarkeit von Kompetenzen, Bachelor, Master
Projetkarbeit und begleitende Module zusammenzufassen hat zumindest auch bei der Notenbildung/Notenübersicht Ärger gemacht. (Problem ist natürlich, dass man die Module dann nicht so einfach Ändern/Anpassen kann);DROP, Reak, Orga, Quelle: Alumni Master, Themenfeld: Projekt/ Projektbasiert, Master
Ggf. Social Computing und MCI in einem Schwerpunkt vereinen;Reak, Inhalte, Quelle: Dekanat, Themenfeld: MCI, Master
Genau, noch mehr praxisnähe neben P1-3 durch Kooperationen mit Unternehmen schaffen. Vielleicht auch direkte Verknüpfung der Projekte mit diesen?;TRY, Reak, Orga, Quelle: Alumni Master, Themenfeld: Praxis, Master
Design Sprint in Projekt 1 nur optional oder gar nicht;Reak, Quelle: Reak Team, Themenfeld: Projekt/ Projektbasiert, Master
Wie können wir Entwicklungsprojekt neu aufsetzen;Reak, Orga, Quelle: Reak Team, Themenfeld: Projekt/ Projektbasiert, Bachelor
Projekt 1-3 über 3 Semester, weil dadurch die Zeit gegeben wird ein Projekt in realer Größe selbstständig umzusetzen;KEEP, Reak, Quelle: Alumni Master, Themenfeld: Projekt/ Projektbasiert, Master
"Medienkompetenz ausreichend adressiert? (Algorithmen und Privacy in ""Social Media"", Agenda Cutting/Setting, etc.?)";Reak, Inhalte, Quelle: Lehrende/ MA, Themenfeld: Medien, Bachelor, Master
(fehlende?) Profilierung ggü. anderen Studiengängen in Richtung Medien?;Reak, Inhalte, Quelle: Lehrende/ MA, Themenfeld: Medien, Bachelor, Master
ggf. zu kleine Schwerpunkte (Studierendenzahlen);Reak, Quelle: Aktive Studies Master, Themenfeld: WPFs / Schwerpunkte / Vertiefung, Bachelor, Master
Arbeitslast im Team sehr hoch durch Vertiefungen & Entwicklungsprojekt;Reak, Orga, Quelle: Lehrende/ MA, Themenfeld: Workload, Bachelor, Master
Ich fand den Studiengang super und hatte durch die Schwerpunkte dir Möglichkeit meine Interessen zu vertiefen;KEEP, Reak, Quelle: Alumni Master, Themenfeld: WPFs / Schwerpunkte / Vertiefung, Master
unerforschtes Terrain / Forschungsaspekte;Reak, BackLog, Quelle: Visions Workshop, Themenfeld: Forschungsbezug, Bachelor, Master
Projekte öffnen, dass selbige auch mit gemischten Teams aus den Schwerpunkten(?) und dem DS Master(?) bearbeitet werden können.;Reak, Quelle: Reak Team, Themenfeld: Projekt/ Projektbasiert, Master
Try: Mehr Möglichkeiten WPFs zu wählen;Reak, Quelle: Alumni Bachelor, Themenfeld: WPFs / Schwerpunkte / Vertiefung, Bachelor
Arbeitslast im WiSe zu hoch gegenüber dem SoSe;Reak, Orga, Quelle: Lehrende/ MA, Themenfeld: Workload, Bachelor, Master
Vertiefungen und Schwerpunkte erzeugen enormen Workload für die Lehrenden;Reak, Orga, Quelle: Lehrende/ MA, Themenfeld: Workload, Bachelor, Master
Projektarbeit und Projektmodule in P1 und P3 aufwändig und für Starter im SoSe schwieriger. In P1 tw. nicht in Sync mit der Projekt-Vorgehensweise.;Reak, Quelle: Lehrende/ MA, Themenfeld: Projekt/ Projektbasiert, Master
Projekt 1-3 schwerpunktübergreifend gestalten, sodass die Projekte an Perspektiven wachsen und somit an Qualität gewinnen;Reak, Orga, Quelle: Lehrende/ MA, Themenfeld: Projekt/ Projektbasiert, Master
Vordefinierte Schwerpunkte mehr als Templates sehen   => Studierende können Schwerpunkte mehr als Vorlage sehen und Studium besser konfigurieren;Reak, Quelle: Aktive Studies Master, Themenfeld: WPFs / Schwerpunkte / Vertiefung, Master
Regelstudienzeit schwierig einzuhalten;Reak, Quelle: Aktive Studies Bachelor, Themenfeld: Workload, Bachelor
Try: HCI als Vertiefungsschwerpunkt?;Reak, Quelle: Alumni Bachelor, Themenfeld: WPFs / Schwerpunkte / Vertiefung, Bachelor
Try: Vermischung der Vertiefungen;Reak, Quelle: Alumni Bachelor, Themenfeld: WPFs / Schwerpunkte / Vertiefung, Bachelor
Drop: Das dritte Semester ist voll mit 5ECP + Praktika Modulen (=> hoher Workload in der Vorlesungszeit);Reak, Orga, Quelle: Alumni Bachelor, Themenfeld: Workload, Bachelor
"Thema ""Wissenschaftliches Arbeiten"" sollte bereits früher behandelt werden";Reak, Inhalte, Quelle: Aktive Studies Bachelor, Themenfeld: Kompetenzen, Bachelor
Bessere Lastverteilung der Semester (1-2 sind zeitintensiver);Reak, Quelle: Aktive Studies Master, Themenfeld: Workload, Master
flexibles Curriculum nach Interessenschwerpunkt;Reak, Orga, BackLog, Quelle: Stakeholder Analyse, Themenfeld: Flexibilität, Bachelor, Master
negativ bei vielen Projekten wird man im Stich gelassen;Reak, Inhalte, Quelle: StudyCheck Bachelor, Themenfeld: Community, Bachelor
fehlendes Mobilitätsfenster;Reak, Quelle: Lehrende/ MA, Themenfeld: Flexibilität, Bachelor, Master
"Thema ""Wissenschaftliches Arbeiten"" sollte bereits früher behandelt werden";Reak, Inhalte, Quelle: Aktive Studies Bachelor, Themenfeld: Kritik an Erreichbarkeit von Kompetenzen, Bachelor
"sprengt den Rahmen (im positiven Sinn von auch mal ""links und rechts gucken""";Reak, BackLog, Quelle: Visions Workshop, Themenfeld: Forschungsbezug, Bachelor, Master
Orientierungssemester anstelle von Vertiefungen;Reak, Quelle: Reak Team, Themenfeld: WPFs / Schwerpunkte / Vertiefung, Bachelor
Projekte öffnen, dass selbige auch mit gemischten Teams aus den Schwerpunkten(?) und dem DS Master(?) bearbeitet werden können.;Reak, Orga, Quelle: Reak Team, Themenfeld: Flexibilität, Master
Wie können wir mehr Sichtbarkeit für Abschlussarbeiten, Kolloqien, etc. schaffen?;Reak, Orga, Quelle: Reak Team, Themenfeld: Außendarstellung // Alleinstellung, Bachelor, Master
auffbauenden Projektmodule im Master konzeptionell gut, aber schwer umsetzbar, Koppelung an die Schwerpunkte erschwert Forschungsprojekte;Reak, Quelle: Dekanat, Themenfeld: Forschungsbezug, Master
Try: Praktikum innerhalb des Studiums;Reak, Quelle: Alumni Bachelor, Themenfeld: Praxis, Bachelor
Umfang und Erwartung der Begleitenden Module war auch nicht Eindeutig;DROP, Reak, Quelle: Alumni Master, Themenfeld: Workload, Master
Bachelor-Master-Promotion-Programm integriert und konsekutiv gestalten;Reak, Quelle: Reak Team, Themenfeld: Promotion, Master
Keep Praktische Module mit praktischen Prüfungen und die Vertiefungen sollten beibehalten werden.;Reak, Quelle: Alumni Bachelor, Themenfeld: Praxis, Bachelor
Vertiefung/ Schwerpunkt Web-DEV/ Weaving the Web einen wichtigen und vor allem Informatik-lastigen Teil in der MI. Sollte nach Möglichkeit erhalten bleiben.;Reak, Quelle: Dekanat, Themenfeld: WPFs / Schwerpunkte / Vertiefung, Bachelor
Ggf. Social Computing und MCI in einem Schwerpunkt vereinen;Reak, Quelle: Dekanat, Themenfeld: WPFs / Schwerpunkte / Vertiefung, Master
In Social Computing fehlt DEV Anteil.;Reak, Quelle: Dekanat, Themenfeld: WPFs / Schwerpunkte / Vertiefung, Bachelor
Die Klarheit und Sichtbarkeit der Vertiefungen/ Schwerpunkte gut!;Reak, Orga, Quelle: Dekanat, Themenfeld: WPFs / Schwerpunkte / Vertiefung, Bachelor, Master
Umstrukturierung der Module zur Abschwächung von Kollissionen insb. 3. Semester #KTN #DB #GdW #SD #AVM;Reak, Quelle: Aktive Studies Bachelor, Themenfeld: Workload, Bachelor
Deutlich zu großer Aufwand, der im MI Master an Lehr- und Betreuungsleistung anfällt.;Reak, Orga, Quelle: Dekanat, Themenfeld: Workload, Master
Schaffung und Nutzung von mehr Synergien;Reak, Quelle: Dekanat, Themenfeld: Workload, Bachelor, Master
"Wie können wir C&R Module nutzen (als ""Community Service"" nach innen, um bspw. auch den Campus zu beleben und eine Community um die Profession drum herum zu bilden)?";Reak, Inhalte, Quelle: Reak Team, Themenfeld: Community, Bachelor, Master
Wie können wir Forschung/Promotionen mitdenken;Reak, Quelle: Reak Team, Themenfeld: Promotion, Master
Mobilitätsfenster für Austauschsemester integrieren;Reak, Quelle: Reak Team, Themenfeld: Organisation, Bachelor, Master
Wie können wir Entwicklungsprojekt neu aufsetzen;Reak, Quelle: Reak Team, Themenfeld: Organisation, Bachelor
"Eher nur vereinzelte Bereitschaft, bei 10-Credit-Modulen mehr als die ""gewohnte"" 5-Credit workload einzubringen.";Reak, Quelle: Lehrende/ MA, Themenfeld: Gewichtung von Inhalten, Bachelor, Master
Design Sprint zu früh und z.T. kontraproduktiv für manche Schwerpunkte #Scheuklappen;Reak, Quelle: Lehrende/ MA, Themenfeld: Organisation, Master
negativ erste Semester sind zäh und Theorie lastig;Reak, Orga, Inhalte, Quelle: StudyCheck Bachelor, Themenfeld: Curriculare Kritik Bachelor, Bachelor
negativ Module 4. Semester sind Grundlage für Module aus dem 2. Semester;Reak, Quelle: StudyCheck Bachelor, Themenfeld: Organisation, Bachelor
Fortführung/ Weiterentwicklung des Bereichs Visual Computing, gerade des Bereichs Medientechnik und -Produktion wünscht sich CK einen Ausblick/ Prognose im Bereich “Digitale Medien”, die bewusst eher in Richtung “Advanced Media” und weniger in Richtung Film & Fernsehen geht;Reak, Quelle: Dekanat, Themenfeld: Inhalte, Bachelor, Master
mehr Microqualifikationen - Querschnitts-qualifikationen;Reak, Inhalte, Quelle: Lehrende/ MA, Themenfeld: Curriculare Kritik Bachelor, Bachelor, Master
Verständliche Übersicht & (internationalisierte) Beschreibung  aller interner/externer Module sowie Aufzeigen von inhaltlichen Modulabhängigkeiten / -zusammengehörigkeiten;Reak, Quelle: Stakeholder Analyse, Themenfeld: Organisation, Bachelor, Master
(fehlende?) Profilierung ggü. anderen Studiengängen in Richtung Medien?;Reak, Quelle: Lehrende/ MA, Themenfeld: Organisation, Bachelor, Master
Sprache Englisch, Internationalisierung;Reak, Quelle: Reak Team, Themenfeld: Organisation, Bachelor, Master
Orientierungssemester anstelle von Vertiefungen;Reak, Quelle: Reak Team, Themenfeld: Organisation, Bachelor
"Drop: Der Mehrwert des Moduls ""Informatik und Gesellschaft"" ist mir nicht bewusst geworden.";Reak, Inhalte, Quelle: Alumni Bachelor, Themenfeld: Curriculare Kritik Bachelor, Bachelor
negativ Für Projekt von Modul A wird Modul B vorausgesetzt, wobei Modul B erst später startet.;Reak, Quelle: StudyCheck Bachelor, Themenfeld: Organisation, Bachelor
negativ bei vielen Projekten wird man im Stich gelassen;Reak, Quelle: StudyCheck Bachelor, Themenfeld: Organisation, Bachelor, Master
notwendige Mathematikkenntnisse werden nicht vermittelt  #GI;Reak, Inhalte, Quelle: Lehrende/ MA, Themenfeld: Curriculare Kritik Bachelor, Bachelor
neutral viele werden von dem Bereich „Medien” angelockt. Studiengang beinhaltet jedoch 70% wenn nicht sogar 80% Informatik.;Reak, Inhalte, Quelle: StudyCheck Bachelor, Themenfeld: Curriculare Kritik Bachelor, Bachelor
"HCI keine ""explizite""Vertiefung";Reak, Quelle: Lehrende/ MA, Themenfeld: MCI, Bachelor
Vertiefung/ Schwerpunkt Web-DEV/ Weaving the Web einen wichtigen und vor allem Informatik-lastigen Teil in der MI. Sollte nach Möglichkeit erhalten bleiben.;Reak, Quelle: Dekanat, Themenfeld: Inhalte, Bachelor, Master
"HCI keine ""explizite""Vertiefung";Reak, Inhalte, Quelle: Lehrende/ MA, Themenfeld: Curriculare Kritik Bachelor, Bachelor
Schaffung und Nutzung von mehr Synergien;Reak, Orga, Quelle: Dekanat, Themenfeld: Inhalte, Bachelor, Master
negativ erste Semester sind zäh und Theorie lastig;Reak, Quelle: StudyCheck Bachelor, Themenfeld: Organisation, Bachelor
Vielfalt (insb. Veranstaltungen und Bereiche);Reak, Inhalte, Quelle: Visions Workshop, Themenfeld: Curriculare Wünsche Bachelor, Bachelor, Master
Drop: Fand AVM irgendwie nicht so passend für die Allgemeinheit, vielleicht lieber in einer Vertiefung;Reak, Inhalte, Quelle: Alumni Bachelor, Themenfeld: Curriculare Kritik Bachelor, Bachelor
Masterseminar? Wie im BA flankierend zur Abschlussarbeit. Funktioniert im BA sehr gut. MIM und MIB zusammen?;Reak, Quelle: Reak Team, Themenfeld: Organisation, Master
Wie können wir mehr Sichtbarkeit für Abschlussarbeiten, Kolloqien, etc. schaffen?;Reak, Orga, Quelle: Reak Team, Themenfeld: Organisation
Try: HCI auf zwei getrennte (vllt zwei Sem.) Module aufteilen, um inhaltlichen Workload besser verarbeiten zu können;Reak, Quelle: Alumni Bachelor, Themenfeld: MCI, Bachelor
"Drop: Mir hat hier ""Medien-""Recht gefehlt. (=> Relevanz von DSGVO, Barrierefreiheit etc. in den Fordergrund stellen)";Reak, Inhalte, Quelle: Alumni Bachelor, Themenfeld: Curriculare Kritik Bachelor, Bachelor
Drop: Recht war eines der Schwächsten Module. Die Vermittelten Inhalte schienen teilweise Veraltet und aktuelle, relevante Inhalte wurden ausgelassen.;Reak, Inhalte, Quelle: Alumni Bachelor, Themenfeld: Curriculare Kritik Bachelor, Bachelor
Try: HCI als Vertiefungsschwerpunkt? (Bachelor);Reak, Inhalte, Quelle: Alumni Bachelor, Themenfeld: MCI, Bachelor
Master Kolloquium mit 30min ist deutlich zu kurz;Reak, Quelle: Lehrende/ MA, Themenfeld: Organisation, Master
Wenig Auswahl bei den Masterprojekten (beispielsweise Visual Computing = 1 Projekt);Reak, Quelle: Aktive Studies Master, Themenfeld: Organisation, Master
Try: Ähnlich wie es Hilfe bei Praktikumsaufgaben gibt könnte über eine Förderung oder besondere Herausforderungen für Studierende nachgedacht werden, denen die Aufgaben insb. in API1/API2 sehr leicht fallen. Hier wird das Potential teilweise nicht ausgefüllt und Studierende mit Vorkenntnissen 'warten  die Semester lediglich ab'.;Reak, Orga, BackLog, Quelle: Alumni Bachelor, Themenfeld: Kritik an Erreichbarkeit von Kompetenzen, Bachelor, Master
Try: Mehr Design Thinking (im gegensatz zu Analytic thinking) Module anbieten. Aktuell nur Screendesign;Reak, Inhalte, Quelle: Alumni Bachelor, Themenfeld: Curriculare Wünsche Bachelor, Bachelor
Regelstudienzeit schwierig einzuhalten;Reak, Quelle: Aktive Studies Bachelor, Themenfeld: Organisation, Bachelor
Umstrukturierung der Module in Bezug auf Vertiefungsschwerpunkte #AVM;Reak, Quelle: Aktive Studies Bachelor, Themenfeld: Organisation, Bachelor
negativ Regelstudienzeit schwierig einzuhalten;Reak, Quelle: StudyCheck Bachelor, Themenfeld: Organisation, Bachelor
Umstrukturierung der Module zur Abschwächung von Kollissionen insb. 3. Semester #KTN #DB #GdW #SD #AVM;Reak, Quelle: Aktive Studies Bachelor, Themenfeld: Organisation, Bachelor
Einblick in viele verschiedene Gebiete;Reak, Quelle: Aktive Studies Bachelor, Themenfeld: Inhalte, Bachelor
Umstrukturierung von Modulen in Bezug auf deren Inhalte/Namensgebung #FDDW #PPS #GdW? #Recht;Reak, Quelle: Aktive Studies Bachelor, Themenfeld: Organisation, Bachelor
Keep Das Praxisprojekt war eine sehr gute Vorbereitung. Definitiv so weitermachen.;Reak, Inhalte, Quelle: Alumni Bachelor, Themenfeld: Curriculare Wünsche Bachelor, Bachelor
Angleichung des Akkreditierungstaktes;Reak, Quelle: Dekanat, Themenfeld: Organisation, Bachelor, Master
rechtzeitige und vorausschauende Koordinationsgespräche zwischen Modulverantwortlichen eines Fachsemesters (inkl. Lehrbeauftragten und WiMAs);Reak, Orga, Quelle: Lehrende/ MA, Themenfeld: Organisation, Bachelor, Master
Keep HCI so früh im Studienverlaufsplan;Reak, Inhalte, Quelle: Alumni Bachelor, Themenfeld: Curriculare Wünsche Bachelor, Bachelor
Akkreditierungstakt mit den anderen Studiengänge syncen;Reak, Quelle: Reak Team, Themenfeld: Organisation, Bachelor, Master
Projetkarbeit und begleitende Module zusammenzufassen hat zumindest auch bei der Notenbildung/Notenübersicht Ärger gemacht. (Problem ist natürlich, dass man die Module dann nicht so einfach Ändern/Anpassen kann);DROP, Reak, Quelle: Alumni Master, Themenfeld: Prüfungsleistung, Master
Informatik nah am Menschen;Reak, Orga, Quelle: Visions Workshop, Themenfeld: Wertschätzung Kompetenzen, Bachelor, Master
6/4 vs. 7/3 Modell denken // flexibler Master?;Reak, Quelle: Reak Team, Themenfeld: Organisation, Bachelor, Master
Keep EMI als Erstsemestermodul um in ganzheitliche Entwicklung einzutauchen;Reak, Quelle: Alumni Bachelor, Themenfeld: Curriculare Wünsche Bachelor, Bachelor
zeitnahe, relevante und korrekte Kommunikation von (organisatorischen, prüfungsrelevanten) Informationen (Professorium) #EP #PM #AP1&2;Reak, Orga, Quelle: Aktive Studies Bachelor, Themenfeld: Organisation, Bachelor, Master
deutlich mehr Angebote aus anderen Studiengängen nutzen;Reak, Quelle: Lehrende/ MA, Themenfeld: Organisation, Bachelor, Master
Schaffung und Nutzung von mehr Synergien;Reak, Quelle: Dekanat, Themenfeld: Organisation, Bachelor, Master
Strukturelle Annäherung an den Digital Science Master? Formale Integration eher nicht, da somit auch ein wenig der Marke Medieninformatik verloren geht;Reak, Quelle: Dekanat, Themenfeld: Organisation, Master
Master Kolloquium mit 30min ist deutlich zu kurz;Reak, Quelle: Lehrende/ MA, Themenfeld: Prüfungsleistung, Master
Try:  Früher und intensiver auf wissenschaftliches Schreiben vorbereiten -> dies war erst für die BA Thema und wurde auch dort nur kurz behandelt Module in früheren Semestern sollten ebenfalls darauf vorbereiten;Reak, Orga, Inhalte, Quelle: Alumni Bachelor, Themenfeld: Curriculare Wünsche Bachelor, Bachelor
MCI nach wie vor als einen wichtigen Teil der MI;Reak, Quelle: Dekanat, Themenfeld: Wertschätzung Kompetenzen, Bachelor, Master
Keep SD, IoT, WebDev, EP, PP, FDDW, GDW;Reak, Inhalte, Quelle: Alumni Bachelor, Themenfeld: Curriculare Wünsche Bachelor, Bachelor
Projekt 1-3 schwerpunktübergreifend gestalten, sodass die Projekte an Perspektiven wachsen und somit an Qualität gewinnen;Reak, Quelle: Lehrende/ MA, Themenfeld: Curriculare Wünsche Master, Master
Front-End-Entwicklung als Modul für alle Bachelor-Studis;Reak, Quelle: Aktive Studies Bachelor, Themenfeld: Coding Skills, Bachelor
Organisation Projekt 1, 2, 3 verbessern & klarer definieren (ggfs. jedes Projekt in jedem Semester);Reak, Quelle: Aktive Studies Master, Themenfeld: Curriculare Wünsche Master, Master
Projektarbeit und Projektmodule in P1 und P3 aufwändig und für Starter im SoSe schwieriger. In P1 tw. nicht in Sync mit der Projekt-Vorgehensweise.;Reak, Quelle: Lehrende/ MA, Themenfeld: Curriculare Kritik Master, Master
Wissenschaftliches Arbeiten wird zu spät adressiert -  Projektmanagement ist zu spät im Curriculum;Reak, Quelle: Lehrende/ MA, Themenfeld: Curriculare Kritik Master, Master
Try: Modulübergreifende Prüfungen wären evtl. interessant. Screendesign + Webentwicklung zum Beispiel.;Reak, Quelle: Alumni Bachelor, Themenfeld: Prüfungsleistung, Bachelor, Master
Programmieren sollten sie können, ganz wichtig;Reak, Quelle: Forschungseinrichtungen, Themenfeld: Coding Skills, Bachelor, Master
Weniger Prüfungsleistungen sind in dem Fall besser, da P1-3 sehr viel Zeit in Anspruch nehmen, aber auch besser aufs Berufsleben vorbereiten;DROP, Reak, Quelle: Alumni Master, Themenfeld: Prüfungsleistung, Bachelor, Master
Bei den projektbegleitende Modulen ist der Mehrwert nicht immer erkennbar;DROP, Reak, Quelle: Alumni Master, Themenfeld: Curriculare Kritik Master, Master
Soft Skills;3, 2, Reak, Inhalte, Quelle: Unternehmen, Themenfeld: Softskills, Bachelor, Master
Schwerpunkt HCI erhalten;Reak, Quelle: Reak Team, Themenfeld: Curriculare Wünsche Master, Master
Wie können wir mehr Sichtbarkeit für Abschlussarbeiten, Kolloqien, etc. schaffen?;Reak, Orga, Quelle: Reak Team, Themenfeld: Curriculare Wünsche Master
Die Reihenfolge der projektbegleitenden Module könnte besser an den Inhalt angepasst werden;DROP, Reak, Quelle: Alumni Master, Themenfeld: Curriculare Kritik Master, Master
Berufsanfängern fehlt oft: Experiementierfreudigkeit;5, Reak, Inhalte, Quelle: Unternehmen, Themenfeld: Softskills, Bachelor, Master
Spezielle Gebiete der Mathematik als Pflichtmodul;KEEP, Reak, Inhalte, Quelle: Alumni Master, Themenfeld: Curriculare Kritik Master, Master
Absolvent*innen: technologisch fit sein auf der Klaviatur;Reak, Quelle: Forschungseinrichtungen, Themenfeld: Coding Skills, Bachelor, Master